{
  "imagePath": "Anteosaurus_tex.png",
  "name": "Anteosaurus_tex",
  "maxFrames": [
    { "name": "Daño", "max": 7, "vel": 0.05 },
    { "name": "Idle", "max": 9, "vel": 0.1 },
    { "name": "Mordisco", "max": 9, "vel": 0.05 },
    { "name": "SuperRasguño", "max": 9, "vel": 0.05 },
    { "name": "Movimiento", "max": 7, "vel": 0.05 },
    { "name": "Rasguño", "max": 11, "vel": 0.06 },
    { "name": "Torpedo", "max": 11, "vel": 0.05 },
    { "name": "Salto", "max": 9, "vel": 0.05 },
    { "name": "Muerte", "max": 1, "vel": 0.1 }
  ],
  "SubTexture": [
    { "width": 440, "y": 3080, "height": 220, "name": "Muerte_0", "x": 1320 },
    { "width": 440, "y": 3080, "height": 220, "name": "Idle_0", "x": 1320 },
    { "width": 440, "y": 3300, "height": 220, "name": "Idle_1", "x": 0 },
    { "width": 440, "y": 3520, "height": 220, "name": "Idle_2", "x": 880 },
    { "width": 440, "y": 2200, "height": 220, "name": "Idle_3", "x": 440 },
    { "width": 440, "y": 3300, "height": 220, "name": "Idle_4", "x": 880 },
    { "width": 440, "y": 1760, "height": 220, "name": "Idle_5", "x": 880 },
    { "width": 440, "y": 3520, "height": 220, "name": "Idle_6", "x": 1320 },
    { "width": 440, "y": 2860, "height": 220, "name": "Idle_7", "x": 0 },
    { "width": 440, "y": 0, "height": 220, "name": "Idle_8", "x": 880 },
    { "width": 440, "y": 1100, "height": 220, "name": "Torpedo_0", "x": 880 },
    { "width": 440, "y": 2640, "height": 220, "name": "Torpedo_1", "x": 1320 },
    { "width": 440, "y": 1100, "height": 220, "name": "Torpedo_2", "x": 1320 },
    { "width": 440, "y": 3520, "height": 220, "name": "Torpedo_3", "x": 440 },
    { "width": 440, "y": 880, "height": 220, "name": "Torpedo_4", "x": 880 },
    { "width": 440, "y": 3300, "height": 220, "name": "Torpedo_5", "x": 1320 },
    { "width": 440, "y": 1980, "height": 220, "name": "Torpedo_6", "x": 440 },
    { "width": 440, "y": 220, "height": 220, "name": "Torpedo_7", "x": 440 },
    { "width": 440, "y": 1980, "height": 220, "name": "Torpedo_8", "x": 1320 },
    { "width": 440, "y": 440, "height": 220, "name": "Torpedo_9", "x": 440 },
    { "width": 440, "y": 2200, "height": 220, "name": "Torpedo_10", "x": 880 },
    { "width": 440, "y": 1980, "height": 220, "name": "Rasguño_0", "x": 0 },
    { "width": 440, "y": 2860, "height": 220, "name": "Rasguño_1", "x": 1320 },
    { "width": 440, "y": 1320, "height": 220, "name": "Rasguño_2", "x": 1320 },
    { "width": 440, "y": 3740, "height": 220, "name": "Rasguño_3", "x": 880 },
    { "width": 440, "y": 1320, "height": 220, "name": "Rasguño_4", "x": 880 },
    { "width": 440, "y": 440, "height": 220, "name": "Rasguño_5", "x": 0 },
    { "width": 440, "y": 2200, "height": 220, "name": "Rasguño_6", "x": 0 },
    { "width": 440, "y": 880, "height": 220, "name": "Rasguño_7", "x": 0 },
    { "width": 440, "y": 1980, "height": 220, "name": "Rasguño_8", "x": 880 },
    { "width": 440, "y": 220, "height": 220, "name": "Rasguño_9", "x": 0 },
    { "width": 440, "y": 2200, "height": 220, "name": "Rasguño_10", "x": 1320 },
    { "width": 440, "y": 660, "height": 220, "name": "Daño_0", "x": 880 },
    { "width": 440, "y": 2420, "height": 220, "name": "Daño_1", "x": 440 },
    { "width": 440, "y": 440, "height": 220, "name": "Daño_2", "x": 1320 },
    { "width": 440, "y": 3080, "height": 220, "name": "Daño_3", "x": 0 },
    { "width": 440, "y": 1320, "height": 220, "name": "Daño_4", "x": 440 },
    { "width": 440, "y": 3740, "height": 220, "name": "Daño_5", "x": 440 },
    { "width": 440, "y": 2420, "height": 220, "name": "Daño_6", "x": 0 },
    { "width": 440, "y": 2640, "height": 220, "name": "Mordisco_0", "x": 0 },
    { "width": 440, "y": 880, "height": 220, "name": "Mordisco_1", "x": 440 },
    { "width": 440, "y": 2420, "height": 220, "name": "Mordisco_2", "x": 880 },
    { "width": 440, "y": 2860, "height": 220, "name": "Mordisco_3", "x": 880 },
    { "width": 440, "y": 2860, "height": 220, "name": "Mordisco_4", "x": 440 },
    { "width": 440, "y": 880, "height": 220, "name": "Mordisco_5", "x": 1320 },
    { "width": 440, "y": 3740, "height": 220, "name": "Mordisco_6", "x": 0 },
    { "width": 440, "y": 1540, "height": 220, "name": "Mordisco_7", "x": 0 },
    { "width": 440, "y": 2420, "height": 220, "name": "Mordisco_8", "x": 1320 },
    { "width": 440, "y": 3300, "height": 220, "name": "Salto_0", "x": 440 },
    { "width": 440, "y": 1760, "height": 220, "name": "Salto_1", "x": 0 },
    { "width": 440, "y": 0, "height": 220, "name": "Salto_2", "x": 0 },
    { "width": 440, "y": 1760, "height": 220, "name": "Salto_3", "x": 440 },
    { "width": 440, "y": 0, "height": 220, "name": "Salto_4", "x": 440 },
    { "width": 440, "y": 1540, "height": 220, "name": "Salto_5", "x": 1320 },
    { "width": 440, "y": 3740, "height": 220, "name": "Salto_6", "x": 1320 },
    { "width": 440, "y": 2640, "height": 220, "name": "Salto_7", "x": 880 },
    { "width": 440, "y": 440, "height": 220, "name": "Salto_8", "x": 880 },
    {
      "width": 440,
      "y": 3080,
      "height": 220,
      "name": "Movimiento_0",
      "x": 880
    },
    {
      "width": 440,
      "y": 660,
      "height": 220,
      "name": "Movimiento_1",
      "x": 1320
    },
    {
      "width": 440,
      "y": 2640,
      "height": 220,
      "name": "Movimiento_2",
      "x": 440
    },
    { "width": 440, "y": 220, "height": 220, "name": "Movimiento_3", "x": 880 },
    { "width": 440, "y": 3520, "height": 220, "name": "Movimiento_4", "x": 0 },
    {
      "width": 440,
      "y": 220,
      "height": 220,
      "name": "Movimiento_5",
      "x": 1320
    },
    {
      "width": 440,
      "y": 1540,
      "height": 220,
      "name": "Movimiento_6",
      "x": 440
    },
    { "width": 440, "y": 660, "height": 220, "name": "SuperRasguño_0", "x": 0 },
    {
      "width": 440,
      "y": 1540,
      "height": 220,
      "name": "SuperRasguño_1",
      "x": 880
    },
    {
      "width": 440,
      "y": 0,
      "height": 220,
      "name": "SuperRasguño_2",
      "x": 1320
    },
    {
      "width": 440,
      "y": 1760,
      "height": 220,
      "name": "SuperRasguño_3",
      "x": 1320
    },
    {
      "width": 440,
      "y": 1320,
      "height": 220,
      "name": "SuperRasguño_4",
      "x": 0
    },
    {
      "width": 440,
      "y": 1100,
      "height": 220,
      "name": "SuperRasguño_5",
      "x": 0
    },
    {
      "width": 440,
      "y": 660,
      "height": 220,
      "name": "SuperRasguño_6",
      "x": 440
    },
    {
      "width": 440,
      "y": 3080,
      "height": 220,
      "name": "SuperRasguño_7",
      "x": 440
    },
    {
      "width": 440,
      "y": 1100,
      "height": 220,
      "name": "SuperRasguño_8",
      "x": 440
    }
  ]
}
