{
  "SubTexture": [
    { "width": 595, "y": 1561, "height": 310, "name": "Coletazo_0", "x": 1195 },
    { "width": 595, "y": 1873, "height": 310, "name": "Coletazo_1", "x": 598 },
    { "width": 595, "y": 937, "height": 310, "name": "Coletazo_2", "x": 598 },
    { "width": 595, "y": 937, "height": 310, "name": "Coletazo_3", "x": 1792 },
    { "width": 595, "y": 313, "height": 310, "name": "Coletazo_4", "x": 598 },
    { "width": 595, "y": 1249, "height": 310, "name": "Coletazo_5", "x": 1792 },
    { "width": 595, "y": 313, "height": 310, "name": "Coletazo_6", "x": 2986 },
    { "width": 595, "y": 1, "height": 310, "name": "Coletazo_7", "x": 1792 },
    { "width": 595, "y": 2185, "height": 310, "name": "Coletazo_8", "x": 1792 },
    { "width": 595, "y": 1873, "height": 310, "name": "Coletazo_9", "x": 1 },
    { "width": 595, "y": 937, "height": 310, "name": "Coletazo_10", "x": 2986 },
    {
      "width": 595,
      "y": 1561,
      "height": 310,
      "name": "Coletazo_11",
      "x": 2389
    },
    {
      "width": 595,
      "y": 1873,
      "height": 310,
      "name": "Coletazo_12",
      "x": 1195
    },
    { "width": 595, "y": 1561, "height": 310, "name": "Pisoton_0", "x": 1792 },
    { "width": 595, "y": 1561, "height": 310, "name": "Pisoton_1", "x": 2986 },
    { "width": 595, "y": 625, "height": 310, "name": "Pisoton_2", "x": 598 },
    { "width": 595, "y": 1249, "height": 310, "name": "Pisoton_3", "x": 1 },
    { "width": 595, "y": 625, "height": 310, "name": "Pisoton_4", "x": 2389 },
    { "width": 595, "y": 2185, "height": 310, "name": "Pisoton_5", "x": 2389 },
    { "width": 595, "y": 937, "height": 310, "name": "Pisoton_6", "x": 1 },
    { "width": 595, "y": 1249, "height": 310, "name": "Pisoton_7", "x": 2986 },
    { "width": 595, "y": 625, "height": 310, "name": "Pisoton_8", "x": 1 },
    { "width": 595, "y": 313, "height": 310, "name": "Pisoton_9", "x": 1 },
    { "width": 595, "y": 1, "height": 310, "name": "Pisoton_10", "x": 2986 },
    { "width": 595, "y": 2185, "height": 310, "name": "Pisoton_11", "x": 1195 },
    { "width": 595, "y": 937, "height": 310, "name": "Pisoton_12", "x": 2389 },
    { "width": 595, "y": 313, "height": 310, "name": "Idle_0", "x": 1195 },
    { "width": 595, "y": 1, "height": 310, "name": "Idle_1", "x": 1 },
    { "width": 595, "y": 313, "height": 310, "name": "Idle_2", "x": 2389 },
    { "width": 595, "y": 2185, "height": 310, "name": "Idle_3", "x": 2986 },
    { "width": 595, "y": 2185, "height": 310, "name": "Idle_4", "x": 1 },
    { "width": 595, "y": 2497, "height": 310, "name": "Idle_5", "x": 598 },
    { "width": 595, "y": 1, "height": 310, "name": "Idle_6", "x": 598 },
    { "width": 595, "y": 625, "height": 310, "name": "Idle_7", "x": 1195 },
    { "width": 595, "y": 1561, "height": 310, "name": "Idle_8", "x": 598 },
    { "width": 595, "y": 1249, "height": 310, "name": "Idle_9", "x": 1195 },
    { "width": 595, "y": 625, "height": 310, "name": "Idle_10", "x": 1792 },
    { "width": 595, "y": 1561, "height": 310, "name": "Idle_11", "x": 1 },
    { "width": 595, "y": 1, "height": 310, "name": "Idle_12", "x": 1195 },
    { "width": 595, "y": 2497, "height": 310, "name": "Idle_13", "x": 1195 },
    { "width": 595, "y": 1873, "height": 310, "name": "Idle_14", "x": 1792 },
    { "width": 595, "y": 1873, "height": 310, "name": "Idle_15", "x": 2389 },
    { "width": 595, "y": 1249, "height": 310, "name": "Idle_16", "x": 2389 },
    { "width": 595, "y": 2185, "height": 310, "name": "Idle_17", "x": 598 },
    { "width": 595, "y": 937, "height": 310, "name": "Idle_18", "x": 1195 },
    { "width": 595, "y": 625, "height": 310, "name": "Habilidad_0", "x": 2986 },
    { "width": 595, "y": 1249, "height": 310, "name": "Habilidad_1", "x": 598 },
    { "width": 595, "y": 313, "height": 310, "name": "Habilidad_2", "x": 1792 },
    { "width": 595, "y": 2497, "height": 310, "name": "Daño_0", "x": 1 },
    { "width": 595, "y": 1, "height": 310, "name": "Daño_1", "x": 2389 },
    { "width": 595, "y": 1873, "height": 310, "name": "Daño_2", "x": 2986 }
  ],
  "name": "Argentinosaurus_tex",
  "imagePath": "Argentinosaurus_tex.png",
  "maxFrames": [
    { "name": "Idle", "max": 19 },
    { "name": "Daño", "max": 3 },
    { "name": "Habilidad", "max": 3 }
  ]
}
