{
  "SubTexture": [
    { "width": 303, "y": 2053, "height": 226, "name": "Ataque_0", "x": 1 },
    { "width": 303, "y": 1141, "height": 226, "name": "Ataque_1", "x": 306 },
    { "width": 303, "y": 685, "height": 226, "name": "Ataque_2", "x": 1 },
    { "width": 303, "y": 2281, "height": 226, "name": "Ataque_3", "x": 306 },
    { "width": 303, "y": 457, "height": 226, "name": "Ataque_4", "x": 611 },
    { "width": 303, "y": 1, "height": 226, "name": "Ataque_5", "x": 306 },
    { "width": 303, "y": 2281, "height": 226, "name": "Ataque_6", "x": 611 },
    { "width": 303, "y": 2509, "height": 226, "name": "Ataque_7", "x": 1 },
    { "width": 303, "y": 1141, "height": 226, "name": "Ataque_8", "x": 1 },
    { "width": 303, "y": 457, "height": 226, "name": "Daño_0", "x": 1 },
    { "width": 303, "y": 3421, "height": 226, "name": "Daño_1", "x": 306 },
    { "width": 303, "y": 3649, "height": 226, "name": "Daño_2", "x": 306 },
    { "width": 303, "y": 2509, "height": 226, "name": "Daño_3", "x": 306 },
    { "width": 303, "y": 2965, "height": 226, "name": "Daño_4", "x": 1 },
    { "width": 303, "y": 3649, "height": 226, "name": "Daño_5", "x": 1 },
    { "width": 303, "y": 1825, "height": 226, "name": "Daño_6", "x": 1 },
    { "width": 303, "y": 1825, "height": 226, "name": "Daño_7", "x": 611 },
    { "width": 303, "y": 2737, "height": 226, "name": "Daño_8", "x": 306 },
    { "width": 303, "y": 685, "height": 226, "name": "Muerte_0", "x": 611 },
    { "width": 303, "y": 2737, "height": 226, "name": "Muerte_1", "x": 1 },
    { "width": 303, "y": 2737, "height": 226, "name": "Muerte_2", "x": 611 },
    { "width": 303, "y": 3649, "height": 226, "name": "Muerte_3", "x": 611 },
    { "width": 303, "y": 1, "height": 226, "name": "Muerte_4", "x": 916 },
    { "width": 303, "y": 229, "height": 226, "name": "Muerte_5", "x": 611 },
    { "width": 303, "y": 1369, "height": 226, "name": "Muerte_6", "x": 611 },
    { "width": 303, "y": 2965, "height": 226, "name": "Muerte_7", "x": 306 },
    { "width": 303, "y": 913, "height": 226, "name": "Muerte_8", "x": 611 },
    { "width": 303, "y": 1597, "height": 226, "name": "Habilidad_0", "x": 611 },
    { "width": 303, "y": 3193, "height": 226, "name": "Habilidad_1", "x": 306 },
    { "width": 303, "y": 229, "height": 226, "name": "Habilidad_2", "x": 1 },
    { "width": 303, "y": 2281, "height": 226, "name": "Habilidad_3", "x": 1 },
    { "width": 303, "y": 457, "height": 226, "name": "Habilidad_4", "x": 306 },
    { "width": 303, "y": 2053, "height": 226, "name": "Habilidad_5", "x": 306 },
    { "width": 303, "y": 1369, "height": 226, "name": "Habilidad_6", "x": 1 },
    { "width": 303, "y": 1141, "height": 226, "name": "Habilidad_7", "x": 611 },
    { "width": 303, "y": 3193, "height": 226, "name": "Habilidad_8", "x": 611 },
    { "width": 303, "y": 1597, "height": 226, "name": "Idle_0", "x": 306 },
    { "width": 303, "y": 685, "height": 226, "name": "Idle_1", "x": 306 },
    { "width": 303, "y": 913, "height": 226, "name": "Idle_2", "x": 1 },
    { "width": 303, "y": 913, "height": 226, "name": "Idle_3", "x": 306 },
    { "width": 303, "y": 2965, "height": 226, "name": "Idle_4", "x": 611 },
    { "width": 303, "y": 229, "height": 226, "name": "Idle_5", "x": 306 },
    { "width": 303, "y": 3421, "height": 226, "name": "Idle_6", "x": 611 },
    { "width": 303, "y": 1, "height": 226, "name": "Idle_7", "x": 611 },
    { "width": 303, "y": 2053, "height": 226, "name": "Idle_8", "x": 611 },
    { "width": 303, "y": 3193, "height": 226, "name": "Movimiento_0", "x": 1 },
    {
      "width": 303,
      "y": 1369,
      "height": 226,
      "name": "Movimiento_1",
      "x": 306
    },
    { "width": 303, "y": 457, "height": 226, "name": "Movimiento_2", "x": 916 },
    {
      "width": 303,
      "y": 2509,
      "height": 226,
      "name": "Movimiento_3",
      "x": 611
    },
    {
      "width": 303,
      "y": 1825,
      "height": 226,
      "name": "Movimiento_4",
      "x": 306
    },
    { "width": 303, "y": 229, "height": 226, "name": "Movimiento_5", "x": 916 },
    { "width": 303, "y": 1597, "height": 226, "name": "Movimiento_6", "x": 1 },
    { "width": 303, "y": 3421, "height": 226, "name": "Movimiento_7", "x": 1 },
    { "width": 303, "y": 1, "height": 226, "name": "Movimiento_8", "x": 1 }
  ],
  "name": "Centrosaurus_tex",
  "imagePath": "Centrosaurus_tex.png",
  "maxFrames": [
    { "name": "Idle", "max": 9, "vel": 0.15 },
    { "name": "Movimiento", "max": 9, "vel": 0.05 },
    { "name": "Ataque", "max": 9, "vel": 0.1 },
    { "name": "Daño", "max": 9, "vel": 0.08 },
    { "name": "Muerte", "max": 9, "vel": 0.1 },
    { "name": "Habilidad", "max": 9, "vel": 0.1 }
  ]
}
