{
  "SubTexture": [
    { "width": 303, "y": 2386, "height": 263, "name": "Ataque_0", "x": 1 },
    { "width": 303, "y": 1856, "height": 263, "name": "Ataque_1", "x": 306 },
    { "width": 303, "y": 796, "height": 263, "name": "Ataque_2", "x": 1 },
    { "width": 303, "y": 3181, "height": 263, "name": "Ataque_3", "x": 306 },
    { "width": 303, "y": 1591, "height": 263, "name": "Ataque_4", "x": 611 },
    { "width": 303, "y": 531, "height": 263, "name": "Ataque_5", "x": 306 },
    { "width": 303, "y": 3711, "height": 263, "name": "Ataque_6", "x": 611 },
    { "width": 303, "y": 2916, "height": 263, "name": "Ataque_7", "x": 1 },
    { "width": 303, "y": 1326, "height": 263, "name": "Ataque_8", "x": 1 },
    { "width": 303, "y": 531, "height": 263, "name": "Daño_0", "x": 1 },
    { "width": 303, "y": 531, "height": 263, "name": "Daño_1", "x": 611 },
    { "width": 303, "y": 796, "height": 263, "name": "Daño_2", "x": 611 },
    { "width": 303, "y": 3446, "height": 263, "name": "Daño_3", "x": 306 },
    { "width": 303, "y": 3446, "height": 263, "name": "Daño_4", "x": 1 },
    { "width": 303, "y": 266, "height": 263, "name": "Daño_5", "x": 306 },
    { "width": 303, "y": 2121, "height": 263, "name": "Daño_6", "x": 1 },
    { "width": 303, "y": 3181, "height": 263, "name": "Daño_7", "x": 611 },
    { "width": 303, "y": 3711, "height": 263, "name": "Daño_8", "x": 306 },
    { "width": 303, "y": 1856, "height": 263, "name": "Muerte_0", "x": 611 },
    { "width": 303, "y": 3181, "height": 263, "name": "Muerte_1", "x": 1 },
    { "width": 303, "y": 266, "height": 263, "name": "Muerte_2", "x": 916 },
    { "width": 303, "y": 1326, "height": 263, "name": "Muerte_3", "x": 916 },
    { "width": 303, "y": 1591, "height": 263, "name": "Muerte_4", "x": 916 },
    { "width": 303, "y": 1326, "height": 263, "name": "Muerte_5", "x": 611 },
    { "width": 303, "y": 2651, "height": 263, "name": "Muerte_6", "x": 611 },
    { "width": 303, "y": 1, "height": 263, "name": "Muerte_7", "x": 611 },
    { "width": 303, "y": 2121, "height": 263, "name": "Muerte_8", "x": 611 },
    { "width": 303, "y": 2916, "height": 263, "name": "Habilidad_0", "x": 611 },
    { "width": 303, "y": 266, "height": 263, "name": "Habilidad_1", "x": 611 },
    { "width": 303, "y": 266, "height": 263, "name": "Habilidad_2", "x": 1 },
    { "width": 303, "y": 2651, "height": 263, "name": "Habilidad_3", "x": 1 },
    { "width": 303, "y": 1061, "height": 263, "name": "Habilidad_4", "x": 306 },
    { "width": 303, "y": 2916, "height": 263, "name": "Habilidad_5", "x": 306 },
    { "width": 303, "y": 1591, "height": 263, "name": "Habilidad_6", "x": 1 },
    { "width": 303, "y": 2386, "height": 263, "name": "Habilidad_7", "x": 611 },
    { "width": 303, "y": 796, "height": 263, "name": "Habilidad_8", "x": 916 },
    { "width": 303, "y": 2386, "height": 263, "name": "Idle_0", "x": 306 },
    { "width": 303, "y": 1326, "height": 263, "name": "Idle_1", "x": 306 },
    { "width": 303, "y": 1061, "height": 263, "name": "Idle_2", "x": 1 },
    { "width": 303, "y": 1591, "height": 263, "name": "Idle_3", "x": 306 },
    { "width": 303, "y": 531, "height": 263, "name": "Idle_4", "x": 916 },
    { "width": 303, "y": 796, "height": 263, "name": "Idle_5", "x": 306 },
    { "width": 303, "y": 1061, "height": 263, "name": "Idle_6", "x": 916 },
    { "width": 303, "y": 1061, "height": 263, "name": "Idle_7", "x": 611 },
    { "width": 303, "y": 3446, "height": 263, "name": "Idle_8", "x": 611 },
    { "width": 303, "y": 3711, "height": 263, "name": "Movimiento_0", "x": 1 },
    {
      "width": 303,
      "y": 2121,
      "height": 263,
      "name": "Movimiento_1",
      "x": 306
    },
    {
      "width": 303,
      "y": 2121,
      "height": 263,
      "name": "Movimiento_2",
      "x": 916
    },
    { "width": 303, "y": 1, "height": 263, "name": "Movimiento_3", "x": 916 },
    {
      "width": 303,
      "y": 2651,
      "height": 263,
      "name": "Movimiento_4",
      "x": 306
    },
    {
      "width": 303,
      "y": 1856,
      "height": 263,
      "name": "Movimiento_5",
      "x": 916
    },
    { "width": 303, "y": 1856, "height": 263, "name": "Movimiento_6", "x": 1 },
    { "width": 303, "y": 1, "height": 263, "name": "Movimiento_7", "x": 306 },
    { "width": 303, "y": 1, "height": 263, "name": "Movimiento_8", "x": 1 }
  ],
  "name": "Parasaurolophus_tex",
  "imagePath": "Parasaurolophus_tex.png",
  "maxFrames": [
    { "name": "Idle", "max": 9, "vel": 0.15 },
    { "name": "Movimiento", "max": 9, "vel": 0.05 },
    { "name": "Ataque", "max": 9, "vel": 0.1 },
    { "name": "Daño", "max": 9, "vel": 0.08 },
    { "name": "Muerte", "max": 9, "vel": 0.15 },
    { "name": "Habilidad", "max": 9, "vel": 0.1 }
  ]
}
