{
  "SubTexture": [
    { "width": 297, "y": 3543, "height": 251, "name": "Movimiento_0", "x": 1 },
    {
      "width": 297,
      "y": 1013,
      "height": 251,
      "name": "Movimiento_1",
      "x": 300
    },
    {
      "width": 297,
      "y": 1266,
      "height": 251,
      "name": "Movimiento_2",
      "x": 898
    },
    {
      "width": 297,
      "y": 3290,
      "height": 251,
      "name": "Movimiento_3",
      "x": 599
    },
    {
      "width": 297,
      "y": 2278,
      "height": 251,
      "name": "Movimiento_4",
      "x": 300
    },
    {
      "width": 297,
      "y": 1013,
      "height": 251,
      "name": "Movimiento_5",
      "x": 898
    },
    { "width": 297, "y": 1772, "height": 251, "name": "Movimiento_6", "x": 1 },
    { "width": 297, "y": 2531, "height": 251, "name": "Movimiento_7", "x": 1 },
    { "width": 297, "y": 1, "height": 251, "name": "Movimiento_8", "x": 1 },
    { "width": 297, "y": 507, "height": 251, "name": "Daño_0", "x": 1 },
    { "width": 297, "y": 1, "height": 251, "name": "Daño_1", "x": 599 },
    { "width": 297, "y": 254, "height": 251, "name": "Daño_2", "x": 599 },
    { "width": 297, "y": 3037, "height": 251, "name": "Daño_3", "x": 300 },
    { "width": 297, "y": 3290, "height": 251, "name": "Daño_4", "x": 1 },
    { "width": 297, "y": 1, "height": 251, "name": "Daño_5", "x": 300 },
    { "width": 297, "y": 2025, "height": 251, "name": "Daño_6", "x": 1 },
    { "width": 297, "y": 2531, "height": 251, "name": "Daño_7", "x": 599 },
    { "width": 297, "y": 1519, "height": 251, "name": "Daño_8", "x": 599 },
    { "width": 297, "y": 1266, "height": 251, "name": "Muerte_0", "x": 599 },
    { "width": 297, "y": 1266, "height": 251, "name": "Muerte_1", "x": 1 },
    { "width": 297, "y": 3543, "height": 251, "name": "Muerte_2", "x": 599 },
    { "width": 297, "y": 507, "height": 251, "name": "Muerte_3", "x": 898 },
    { "width": 297, "y": 760, "height": 251, "name": "Muerte_4", "x": 898 },
    { "width": 297, "y": 760, "height": 251, "name": "Muerte_5", "x": 599 },
    { "width": 297, "y": 1013, "height": 251, "name": "Muerte_6", "x": 599 },
    { "width": 297, "y": 3543, "height": 251, "name": "Muerte_7", "x": 300 },
    { "width": 297, "y": 2784, "height": 251, "name": "Muerte_8", "x": 599 },
    { "width": 297, "y": 2278, "height": 251, "name": "Habilidad_0", "x": 599 },
    { "width": 297, "y": 3796, "height": 251, "name": "Habilidad_1", "x": 300 },
    { "width": 297, "y": 254, "height": 251, "name": "Habilidad_2", "x": 1 },
    { "width": 297, "y": 3796, "height": 251, "name": "Habilidad_3", "x": 1 },
    { "width": 297, "y": 760, "height": 251, "name": "Habilidad_4", "x": 300 },
    { "width": 297, "y": 2531, "height": 251, "name": "Habilidad_5", "x": 300 },
    { "width": 297, "y": 760, "height": 251, "name": "Habilidad_6", "x": 1 },
    { "width": 297, "y": 3037, "height": 251, "name": "Habilidad_7", "x": 599 },
    { "width": 297, "y": 3290, "height": 251, "name": "Habilidad_8", "x": 300 },
    { "width": 297, "y": 2025, "height": 251, "name": "Idle_0", "x": 300 },
    { "width": 297, "y": 1772, "height": 251, "name": "Idle_1", "x": 300 },
    { "width": 297, "y": 1013, "height": 251, "name": "Idle_2", "x": 1 },
    { "width": 297, "y": 1266, "height": 251, "name": "Idle_3", "x": 300 },
    { "width": 297, "y": 3796, "height": 251, "name": "Idle_4", "x": 599 },
    { "width": 297, "y": 507, "height": 251, "name": "Idle_5", "x": 300 },
    { "width": 297, "y": 254, "height": 251, "name": "Idle_6", "x": 898 },
    { "width": 297, "y": 1772, "height": 251, "name": "Idle_7", "x": 599 },
    { "width": 297, "y": 507, "height": 251, "name": "Idle_8", "x": 599 },
    { "width": 297, "y": 2278, "height": 251, "name": "Ataque_0", "x": 1 },
    { "width": 297, "y": 1519, "height": 251, "name": "Ataque_1", "x": 300 },
    { "width": 297, "y": 1519, "height": 251, "name": "Ataque_2", "x": 1 },
    { "width": 297, "y": 2784, "height": 251, "name": "Ataque_3", "x": 300 },
    { "width": 297, "y": 2025, "height": 251, "name": "Ataque_4", "x": 599 },
    { "width": 297, "y": 254, "height": 251, "name": "Ataque_5", "x": 300 },
    { "width": 297, "y": 1, "height": 251, "name": "Ataque_6", "x": 898 },
    { "width": 297, "y": 2784, "height": 251, "name": "Ataque_7", "x": 1 },
    { "width": 297, "y": 3037, "height": 251, "name": "Ataque_8", "x": 1 }
  ],
  "name": "Carnotauro_tex",
  "imagePath": "Carnotauro_tex.png",
  "maxFrames": [
    { "name": "Idle", "max": 9, "vel": 0.15 },
    { "name": "Movimiento", "max": 9, "vel": 0.05 },
    { "name": "Ataque", "max": 9, "vel": 0.1 },
    { "name": "Daño", "max": 9, "vel": 0.08 },
    { "name": "Muerte", "max": 9, "vel": 0.1 },
    { "name": "Habilidad", "max": 9, "vel": 0.1 }
  ]
}
