{
  "SubTexture": [
    { "width": 315, "y": 2683, "height": 296, "name": "Ataque_0", "x": 1 },
    { "width": 315, "y": 2683, "height": 296, "name": "Ataque_1", "x": 318 },
    { "width": 315, "y": 895, "height": 296, "name": "Ataque_2", "x": 1 },
    { "width": 315, "y": 299, "height": 296, "name": "Ataque_3", "x": 635 },
    { "width": 315, "y": 2981, "height": 296, "name": "Ataque_4", "x": 635 },
    { "width": 315, "y": 1193, "height": 296, "name": "Ataque_5", "x": 318 },
    { "width": 315, "y": 1491, "height": 296, "name": "Ataque_6", "x": 952 },
    { "width": 315, "y": 3279, "height": 296, "name": "Ataque_7", "x": 1 },
    { "width": 315, "y": 1491, "height": 296, "name": "Ataque_8", "x": 1 },
    { "width": 315, "y": 597, "height": 296, "name": "Daño_0", "x": 1 },
    { "width": 315, "y": 1789, "height": 296, "name": "Daño_1", "x": 635 },
    { "width": 315, "y": 2087, "height": 296, "name": "Daño_2", "x": 635 },
    { "width": 315, "y": 597, "height": 296, "name": "Daño_3", "x": 635 },
    { "width": 315, "y": 1, "height": 296, "name": "Daño_4", "x": 318 },
    { "width": 315, "y": 895, "height": 296, "name": "Daño_5", "x": 318 },
    { "width": 315, "y": 2385, "height": 296, "name": "Daño_6", "x": 1 },
    { "width": 315, "y": 895, "height": 296, "name": "Daño_7", "x": 952 },
    { "width": 315, "y": 895, "height": 296, "name": "Daño_8", "x": 635 },
    { "width": 315, "y": 3279, "height": 296, "name": "Muerte_0", "x": 635 },
    { "width": 315, "y": 3577, "height": 296, "name": "Muerte_1", "x": 1 },
    { "width": 315, "y": 2087, "height": 296, "name": "Muerte_2", "x": 952 },
    { "width": 315, "y": 3279, "height": 296, "name": "Muerte_3", "x": 952 },
    { "width": 315, "y": 3577, "height": 296, "name": "Muerte_4", "x": 952 },
    { "width": 315, "y": 2683, "height": 296, "name": "Muerte_5", "x": 635 },
    { "width": 315, "y": 299, "height": 296, "name": "Muerte_6", "x": 952 },
    { "width": 315, "y": 1193, "height": 296, "name": "Muerte_7", "x": 635 },
    { "width": 315, "y": 3577, "height": 296, "name": "Muerte_8", "x": 635 },
    { "width": 315, "y": 597, "height": 296, "name": "Habilidad_0", "x": 952 },
    { "width": 315, "y": 1491, "height": 296, "name": "Habilidad_1", "x": 635 },
    { "width": 315, "y": 299, "height": 296, "name": "Habilidad_2", "x": 1 },
    { "width": 315, "y": 2981, "height": 296, "name": "Habilidad_3", "x": 1 },
    { "width": 315, "y": 1789, "height": 296, "name": "Habilidad_4", "x": 318 },
    { "width": 315, "y": 1, "height": 296, "name": "Habilidad_5", "x": 635 },
    { "width": 315, "y": 1789, "height": 296, "name": "Habilidad_6", "x": 1 },
    { "width": 315, "y": 1, "height": 296, "name": "Habilidad_7", "x": 952 },
    { "width": 315, "y": 2683, "height": 296, "name": "Habilidad_8", "x": 952 },
    { "width": 315, "y": 3279, "height": 296, "name": "Idle_0", "x": 318 },
    { "width": 315, "y": 2087, "height": 296, "name": "Idle_1", "x": 318 },
    { "width": 315, "y": 1193, "height": 296, "name": "Idle_2", "x": 1 },
    { "width": 315, "y": 2385, "height": 296, "name": "Idle_3", "x": 318 },
    { "width": 315, "y": 2385, "height": 296, "name": "Idle_4", "x": 952 },
    { "width": 315, "y": 1491, "height": 296, "name": "Idle_5", "x": 318 },
    { "width": 315, "y": 2981, "height": 296, "name": "Idle_6", "x": 952 },
    { "width": 315, "y": 2385, "height": 296, "name": "Idle_7", "x": 635 },
    { "width": 315, "y": 1193, "height": 296, "name": "Idle_8", "x": 952 },
    { "width": 315, "y": 299, "height": 296, "name": "Movimiento_0", "x": 318 },
    {
      "width": 315,
      "y": 2981,
      "height": 296,
      "name": "Movimiento_1",
      "x": 318
    },
    {
      "width": 315,
      "y": 299,
      "height": 296,
      "name": "Movimiento_2",
      "x": 1269
    },
    {
      "width": 315,
      "y": 1789,
      "height": 296,
      "name": "Movimiento_3",
      "x": 952
    },
    {
      "width": 315,
      "y": 3577,
      "height": 296,
      "name": "Movimiento_4",
      "x": 318
    },
    { "width": 315, "y": 1, "height": 296, "name": "Movimiento_5", "x": 1269 },
    { "width": 315, "y": 2087, "height": 296, "name": "Movimiento_6", "x": 1 },
    { "width": 315, "y": 597, "height": 296, "name": "Movimiento_7", "x": 318 },
    { "width": 315, "y": 1, "height": 296, "name": "Movimiento_8", "x": 1 }
  ],
  "name": "Pachy_tex",
  "imagePath": "Pachycephalosaurus_tex.png",
  "maxFrames": [
    { "name": "Idle", "max": 9, "vel": 0.15 },
    { "name": "Movimiento", "max": 9, "vel": 0.05 },
    { "name": "Ataque", "max": 9, "vel": 0.1 },
    { "name": "Daño", "max": 9, "vel": 0.08 },
    { "name": "Muerte", "max": 9, "vel": 0.1 },
    { "name": "Habilidad", "max": 9, "vel": 0.1 }
  ]
}
