{
  "SubTexture": [
    { "width": 1080, "y": 0, "height": 720, "name": "Idle_0", "x": 0 },
    { "width": 1080, "y": 0, "height": 720, "name": "Der_0", "x": 0 },
    { "width": 1080, "y": 0, "height": 720, "name": "Der_1", "x": 1080 },
    { "width": 1080, "y": 0, "height": 720, "name": "Der_2", "x": 2160 },
    { "width": 1080, "y": 0, "height": 720, "name": "Der_3", "x": 3240 },
    { "width": 1080, "y": 720, "height": 720, "name": "Der_4", "x": 0 },
    { "width": 1080, "y": 720, "height": 720, "name": "Der_5", "x": 1080 },
    { "width": 1080, "y": 720, "height": 720, "name": "Der_6", "x": 2160 },
    { "width": 1080, "y": 720, "height": 720, "name": "Der_7", "x": 3240 },
    { "width": 1080, "y": 1440, "height": 720, "name": "Der_8", "x": 0 },
    { "width": 1080, "y": 1440, "height": 720, "name": "Der_9", "x": 1080 },
    { "width": 1080, "y": 1440, "height": 720, "name": "Der_10", "x": 2160 },
    { "width": 1080, "y": 1440, "height": 720, "name": "Izq_0", "x": 2160 },
    { "width": 1080, "y": 1440, "height": 720, "name": "Izq_1", "x": 1080 },
    { "width": 1080, "y": 1440, "height": 720, "name": "Izq_2", "x": 0 },
    { "width": 1080, "y": 720, "height": 720, "name": "Izq_3", "x": 3240 },
    { "width": 1080, "y": 720, "height": 720, "name": "Izq_4", "x": 2160 },
    { "width": 1080, "y": 720, "height": 720, "name": "Izq_5", "x": 1080 },
    { "width": 1080, "y": 720, "height": 720, "name": "Izq_6", "x": 0 },
    { "width": 1080, "y": 0, "height": 720, "name": "Izq_7", "x": 3240 },
    { "width": 1080, "y": 0, "height": 720, "name": "Izq_8", "x": 2160 },
    { "width": 1080, "y": 0, "height": 720, "name": "Izq_9", "x": 1080 },
    { "width": 1080, "y": 0, "height": 720, "name": "Izq_10", "x": 0 },
    { "width": 1080, "y": 1440, "height": 720, "name": "Cerr_0", "x": 3240 },
    { "width": 1080, "y": 2160, "height": 720, "name": "Cerr_1", "x": 0 },
    { "width": 1080, "y": 2160, "height": 720, "name": "Cerr_2", "x": 1080 },
    { "width": 1080, "y": 2160, "height": 720, "name": "Cerr_3", "x": 2160 },
    { "width": 1080, "y": 2160, "height": 720, "name": "Cerr_4", "x": 3240 },
    { "width": 1080, "y": 2880, "height": 720, "name": "Cerr_5", "x": 0 },
    { "width": 1080, "y": 2880, "height": 720, "name": "Cerr_6", "x": 1080 },
    { "width": 1080, "y": 2880, "height": 720, "name": "Cerr_7", "x": 2160 },
    { "width": 1080, "y": 2880, "height": 720, "name": "Cerr_8", "x": 3240 },
    { "width": 1080, "y": 3600, "height": 720, "name": "Cerr_9", "x": 0 },
    { "width": 1080, "y": 3600, "height": 720, "name": "Cerr_10", "x": 1080 },
    { "width": 1080, "y": 3600, "height": 720, "name": "Abrir_0", "x": 1080 },
    { "width": 1080, "y": 3600, "height": 720, "name": "Abrir_1", "x": 0 },
    { "width": 1080, "y": 2880, "height": 720, "name": "Abrir_2", "x": 3240 },
    { "width": 1080, "y": 2880, "height": 720, "name": "Abrir_3", "x": 2160 },
    { "width": 1080, "y": 2880, "height": 720, "name": "Abrir_4", "x": 1080 },
    { "width": 1080, "y": 2880, "height": 720, "name": "Abrir_5", "x": 0 },
    { "width": 1080, "y": 2160, "height": 720, "name": "Abrir_6", "x": 3240 },
    { "width": 1080, "y": 2160, "height": 720, "name": "Abrir_7", "x": 2160 },
    { "width": 1080, "y": 2160, "height": 720, "name": "Abrir_8", "x": 1080 },
    { "width": 1080, "y": 2160, "height": 720, "name": "Abrir_9", "x": 0 },
    { "width": 1080, "y": 1440, "height": 720, "name": "Abrir_10", "x": 3240 }
  ],
  "name": "Bestiario",
  "imagePath": "Bestiario.png",
  "maxFrames": [
    { "name": "Idle", "max": 1, "vel": 0.1 },
    { "name": "Izq", "max": 11, "vel": 0.1 },
    { "name": "Der", "max": 11, "vel": 0.1 },
    { "name": "Cerr", "max": 11, "vel": 0.1 },
    { "name": "Abrir", "max": 11, "vel": 0.1 }
  ]
}
