{
  "imagePath": "Coty_tex.png",
  "name": "Coty_tex",
  "maxFrames": [
    { "name": "Idle", "max": 9, "vel": 0.1 },
    { "name": "Daño", "max": 3, "vel": 0.1 },
    { "name": "Habilidad", "max": 3, "vel": 0.1 },
    { "name": "Muerte", "max": 3, "vel": 0.2 }
  ],
  "SubTexture": [
    { "width": 340, "y": 492, "height": 246, "name": "Idle_0", "x": 680 },
    { "width": 340, "y": 492, "height": 246, "name": "Idle_1", "x": 0 },
    { "width": 340, "y": 984, "height": 246, "name": "Idle_2", "x": 340 },
    { "width": 340, "y": 1476, "height": 246, "name": "Idle_3", "x": 0 },
    { "width": 340, "y": 738, "height": 246, "name": "Idle_4", "x": 340 },
    { "width": 340, "y": 0, "height": 246, "name": "Idle_5", "x": 340 },
    { "width": 340, "y": 984, "height": 246, "name": "Idle_6", "x": 680 },
    { "width": 340, "y": 1230, "height": 246, "name": "Idle_7", "x": 0 },
    { "width": 340, "y": 738, "height": 246, "name": "Idle_8", "x": 0 },
    { "width": 340, "y": 0, "height": 246, "name": "Daño_0", "x": 0 },
    { "width": 340, "y": 984, "height": 246, "name": "Daño_1", "x": 0 },
    { "width": 340, "y": 246, "height": 246, "name": "Daño_2", "x": 0 },
    { "width": 340, "y": 1230, "height": 246, "name": "Habilidad_0", "x": 340 },
    { "width": 340, "y": 0, "height": 246, "name": "Habilidad_1", "x": 680 },
    { "width": 340, "y": 492, "height": 246, "name": "Habilidad_2", "x": 340 },
    { "width": 340, "y": 246, "height": 246, "name": "Muerte_0", "x": 680 },
    { "width": 340, "y": 246, "height": 246, "name": "Muerte_1", "x": 340 },
    { "width": 340, "y": 738, "height": 246, "name": "Muerte_2", "x": 680 }
  ]
}
